{
    "SIGANOS": {
        "1": {"nombre": "Linkedin","target": "_blank","href": "https://www.linkedin.com/in/ani-sargsyan-b9ab5b186/","img": "img/linkedinicono.png","alt": "icono LinkedIn"},
        "2": {"nombre": "Instagram","target": "_blank","href": "https://www.instagram.com/leomessi/?hl=es-la","img": "img/instagramicono.png","alt": "icono Instagram"},
        "3": {"nombre": "Twitter","target": "_blank","href": "https://twitter.com/wearemessi?lang=es","img": "img/twittericono.png","alt": "icono Twitter"},
        "4": {"nombre": "Facebook","target": "_blank","href": "https://www.facebook.com/Yamkochian2018/","img": "img/facebookicono.png","alt": "icono Facebook"}
      },
    "INFORAMACIÓN SOBRE LA TIENDA":{
        "empresa": {"nombre": "ACORD"},
        "direccion": {"nombre": "Av. Corrientes 2037, C1001 CABA"},
        "telefono": {"nombre": "11-1111-2222"},
        "email1": {"nombre": "luis.cortes@davinci.edu.ar"},
        "email2": {"nombre": "emanuel.vizcarra@davinci.edu.ar"},
        "email3": {"nombre": "ani.sargsyan@davinci.edu.ar"}
      }        
}